{
  "temperature": {
    "qwen": {
      "T=0.0": {
        "ea_mean": 6.944166666666667,
        "w_mean": 7.2322695035460995,
        "ea_n": 1200,
        "w_n": 1128,
        "d": -0.4605898319630538,
        "p": 7.703914517121241e-28
      },
      "T=0.5": {
        "ea_mean": 6.973333333333334,
        "w_mean": 7.25,
        "ea_n": 1200,
        "w_n": 1128,
        "d": -0.44065871920208743,
        "p": 1.0907930709873548e-25
      },
      "T=1.0": {
        "ea_mean": 6.9725,
        "w_mean": 7.225177304964539,
        "ea_n": 1200,
        "w_n": 1128,
        "d": -0.37604658671645513,
        "p": 3.012923034870722e-19
      }
    },
    "llama": {
      "T=0.0": {
        "ea_mean": 7.56025641025641,
        "w_mean": 7.894021739130435,
        "ea_n": 1170,
        "w_n": 1104,
        "d": -0.36436877380258376,
        "p": 9.968971302299787e-18
      },
      "T=0.5": {
        "ea_mean": 7.55550581915846,
        "w_mean": 7.833488805970149,
        "ea_n": 1117,
        "w_n": 1072,
        "d": -0.24028720482252708,
        "p": 2.370178236728458e-08
      },
      "T=1.0": {
        "ea_mean": 7.110751748251749,
        "w_mean": 7.548671726755218,
        "ea_n": 1144,
        "w_n": 1054,
        "d": -0.3282100472240023,
        "p": 2.8821388898596386e-14
      }
    }
  },
  "logit_distribution": {
    "qwen": {
      "EA": {
        "n": 1200,
        "means": [
          25.255520833333332,
          24.211666666666666,
          28.455520833333335,
          31.84177083333333,
          36.37583333333333,
          40.350625,
          43.459375,
          40.76625,
          34.102291666666666,
          25.255520833333332
        ],
        "peak_score": 7,
        "mean_of_means": 33.007437499999995
      },
      "W": {
        "n": 1128,
        "means": [
          25.949024822695037,
          22.61890514184397,
          26.413120567375888,
          29.59552304964539,
          34.33809840425532,
          39.27426861702128,
          43.9957890070922,
          42.322805851063826,
          36.00132978723404,
          25.949024822695037
        ],
        "peak_score": 7,
        "mean_of_means": 32.645789007092205
      },
      "kl_ea_w": 0.0011236654599896421
    },
    "llama": {
      "EA": {
        "n": 1200,
        "means": [
          12.644947916666666,
          14.17578125,
          15.540104166666667,
          16.728802083333335,
          17.43484375,
          18.171666666666667,
          18.343958333333333,
          17.912760416666668,
          16.457291666666666,
          14.630364583333334
        ],
        "peak_score": 7,
        "mean_of_means": 16.204052083333334
      },
      "W": {
        "n": 1128,
        "means": [
          12.062610815602836,
          13.308732269503546,
          14.63813164893617,
          16.026761968085108,
          17.09197695035461,
          18.40868794326241,
          18.905695921985817,
          18.73681294326241,
          16.94287455673759,
          14.684840425531915
        ],
        "peak_score": 7,
        "mean_of_means": 16.080712544326243
      },
      "kl_ea_w": 0.0007285603495118158
    }
  },
  "cross_attention": {
    "mean_entropy": {
      "ea_mean": 4.98581007802859,
      "w_mean": 4.845539760159936,
      "ea_n": 1200,
      "w_n": 1128,
      "d": 1.295958482340694,
      "p": 1.937098697866681e-179
    },
    "per_layer": {
      "n_layers": 8,
      "layer_ds": [
        1.2975581749232503,
        0.5421980147229226,
        1.4381821651749678,
        0.9052065739119582,
        1.314811619822125,
        1.0250849767925878,
        0.6324079184515614,
        1.0015091338079773
      ],
      "peak_layer": 2,
      "peak_d": 1.4381821651749678,
      "ea_n": 1200,
      "w_n": 1128
    }
  },
  "encoding_robustness": {
    "qwen": {
      "ref0": {
        "ea_mean": 6.3430561955769855,
        "w_mean": 6.120015192961862,
        "ea_n": 1200,
        "w_n": 1128,
        "d": 0.7818716003685895,
        "p": 1.246640865464028e-73
      },
      "ref1": {
        "ea_mean": 6.379138380289078,
        "w_mean": 6.438396581521271,
        "ea_n": 1200,
        "w_n": 1128,
        "d": -0.21897965610796072,
        "p": 1.5060752957687727e-07
      },
      "ref2": {
        "ea_mean": 5.7746798392136895,
        "w_mean": 6.063282102980512,
        "ea_n": 1200,
        "w_n": 1128,
        "d": -1.0791076309366114,
        "p": 5.908351471507544e-131
      },
      "ref3": {
        "ea_mean": 6.851769028504689,
        "w_mean": 6.968525361084769,
        "ea_n": 1200,
        "w_n": 1128,
        "d": -0.5113326357541497,
        "p": 9.229196104195405e-34
      }
    },
    "llama": {
      "ref0": {
        "ea_mean": 5.421299968163172,
        "w_mean": 5.332790795792925,
        "ea_n": 1200,
        "w_n": 1128,
        "d": 0.33246072589436637,
        "p": 1.487182569801347e-15
      },
      "ref1": {
        "ea_mean": 5.624348173936208,
        "w_mean": 5.650534511035215,
        "ea_n": 1200,
        "w_n": 1128,
        "d": -0.11518370531250294,
        "p": 0.0054002235974420386
      },
      "ref2": {
        "ea_mean": 5.280533631642659,
        "w_mean": 5.305142600908347,
        "ea_n": 1200,
        "w_n": 1128,
        "d": -0.11744226199681682,
        "p": 0.004590193423060045
      },
      "ref3": {
        "ea_mean": 5.405115606387456,
        "w_mean": 5.48476109902064,
        "ea_n": 1200,
        "w_n": 1128,
        "d": -0.3702781345586272,
        "p": 8.002800200796283e-19
      }
    }
  },
  "gradient_details": {
    "aesthetic_grad_norm_mean": {
      "label": "Grad norm mean",
      "ea_mean": 12.795945061445236,
      "w_mean": 10.002259902074828,
      "ea_n": 1200,
      "w_n": 1128,
      "d": 0.2594348618867805,
      "p": 8.183823821517459e-10
    },
    "aesthetic_grad_norm_std": {
      "label": "Grad norm std",
      "ea_mean": 37.58222018639247,
      "w_mean": 32.01941826157536,
      "ea_n": 1200,
      "w_n": 1128,
      "d": 0.18129533785467009,
      "p": 1.58443812510722e-05
    },
    "aesthetic_grad_norm_max": {
      "label": "Grad norm max",
      "ea_mean": 360.2151301320394,
      "w_mean": 332.8535341979764,
      "ea_n": 1200,
      "w_n": 1128,
      "d": 0.09097720872922267,
      "p": 0.029119357744874785
    },
    "aesthetic_grad_attribution_image_frac": {
      "label": "Image attribution frac",
      "ea_mean": 1.0,
      "w_mean": 1.0,
      "ea_n": 1200,
      "w_n": 1128,
      "d": 0.0,
      "p": null
    }
  }
}