{
  "score_qwen": {
    "ea_mean": 6.944166666666667,
    "ea_n": 1200,
    "w_mean": 7.2322695035460995,
    "w_n": 1128,
    "d": -0.4605898319630538,
    "d_ci": [
      -0.5371547538600753,
      -0.38566532394555375
    ],
    "t": -11.079926614518604,
    "p_welch": 7.703914517121241e-28,
    "p_mw": 4.763140419671431e-25,
    "kw_H": 138.21594143856566,
    "kw_p": 9.16468463798763e-30
  },
  "score_llama": {
    "ea_mean": 7.567005937234945,
    "ea_n": 1179,
    "w_mean": 7.896846846846847,
    "w_n": 1110,
    "d": -0.35944795748504577,
    "d_ci": [
      -0.43092870300209224,
      -0.2879973436286487
    ],
    "t": -8.555089736913835,
    "p_welch": 2.1225875234621447e-17,
    "p_mw": 2.2151984854267225e-25,
    "kw_H": 134.75084995153617,
    "kw_p": 5.118212900559428e-29
  },
  "vlm_signals": [
    {
      "field": "encoding_cost",
      "label": "Encoding cost",
      "qwen_ea": 6.3430561955769855,
      "qwen_w": 6.120015192961862,
      "qwen_d": 0.7818716003685895,
      "qwen_p": 1.246640865464028e-73,
      "qwen_n_ea": 1200,
      "qwen_n_w": 1128,
      "llama_ea": 5.421299968163172,
      "llama_w": 5.332790795792925,
      "llama_d": 0.33246072589436637,
      "llama_p": 1.487182569801347e-15,
      "llama_n_ea": 1200,
      "llama_n_w": 1128
    },
    {
      "field": "aesthetic_gen_perplexity",
      "label": "Aesth PPL",
      "qwen_ea": 1.4199435370167097,
      "qwen_w": 1.4018620412189065,
      "qwen_d": 0.3963951031147171,
      "qwen_p": 2.995131665289359e-21,
      "qwen_n_ea": 1200,
      "qwen_n_w": 1128,
      "llama_ea": 1.4798878339926402,
      "llama_w": 1.45665487403988,
      "llama_d": 0.214389799705215,
      "llama_p": 2.4051459539494697e-07,
      "llama_n_ea": 1200,
      "llama_n_w": 1128
    },
    {
      "field": "aesthetic_avg_logprob",
      "label": "Avg logprob",
      "qwen_ea": -0.3500944103548924,
      "qwen_w": -0.3372820139803151,
      "qwen_d": -0.3968933930223523,
      "qwen_p": 2.624050026885143e-21,
      "qwen_n_ea": 1200,
      "qwen_n_w": 1128,
      "llama_ea": -0.38976054658492404,
      "llama_w": -0.3732414945748681,
      "llama_d": -0.23441874262800053,
      "llama_p": 1.6609238745512518e-08,
      "llama_n_ea": 1200,
      "llama_n_w": 1128
    },
    {
      "field": "aesthetic_prob_entropy",
      "label": "Token entropy",
      "qwen_ea": 0.7700529652337234,
      "qwen_w": 0.7427902026167998,
      "qwen_d": 0.4033535989265395,
      "qwen_p": 5.952656702988788e-22,
      "qwen_n_ea": 1200,
      "qwen_n_w": 1128,
      "llama_ea": 0.9147055680553119,
      "llama_w": 0.8814456605266595,
      "llama_d": 0.19536881115689622,
      "llama_p": 2.4986895607624585e-06,
      "llama_n_ea": 1200,
      "llama_n_w": 1128
    },
    {
      "field": "aesthetic_prob_top1_confidence",
      "label": "Top-1 conf",
      "qwen_ea": 0.7509394547839959,
      "qwen_w": 0.7595334108522598,
      "qwen_d": -0.43491447842219083,
      "qwen_p": 3.5049496223919044e-25,
      "qwen_n_ea": 1200,
      "qwen_n_w": 1128,
      "llama_ea": 0.737457222044468,
      "llama_w": 0.7462144676358142,
      "llama_d": -0.22468142031699734,
      "llama_p": 6.18663841184825e-08,
      "llama_n_ea": 1200,
      "llama_n_w": 1128
    },
    {
      "field": "aesthetic_prob_top5_mass",
      "label": "Top-5 mass",
      "qwen_ea": 0.9647774728635947,
      "qwen_w": 0.9662709100872067,
      "qwen_d": -0.22648876292062176,
      "qwen_p": 5.273575477752472e-08,
      "qwen_n_ea": 1200,
      "qwen_n_w": 1128,
      "llama_ea": 0.9397909509638945,
      "llama_w": 0.9435756956326201,
      "llama_d": -0.19161367352663938,
      "llama_p": 3.935637452384988e-06,
      "llama_n_ea": 1200,
      "llama_n_w": 1128
    },
    {
      "field": "aesthetic_prob_kurtosis",
      "label": "Prob kurtosis",
      "qwen_ea": -0.9462015536427498,
      "qwen_w": -0.8774330495519841,
      "qwen_d": -0.3507369365693927,
      "qwen_p": 4.113027669215803e-17,
      "qwen_n_ea": 1200,
      "qwen_n_w": 1128,
      "llama_ea": -0.9066066421071688,
      "llama_w": -0.8655403032370493,
      "llama_d": -0.12736316251043533,
      "llama_p": 0.002069054197411136,
      "llama_n_ea": 1200,
      "llama_n_w": 1128
    },
    {
      "field": "aesthetic_hidden_state_norm",
      "label": "Hidden norm",
      "qwen_ea": 85.26479166666667,
      "qwen_w": 84.17414671985816,
      "qwen_d": 0.17840511850508917,
      "qwen_p": 2.0367600078677216e-05,
      "qwen_n_ea": 1200,
      "qwen_n_w": 1128,
      "llama_ea": 71.56291666666667,
      "llama_w": 69.58901263297872,
      "llama_d": 0.7002201601837383,
      "llama_p": 1.0369469654164148e-60,
      "llama_n_ea": 1200,
      "llama_n_w": 1128
    },
    {
      "field": "aesthetic_hidden_intrinsic_dim",
      "label": "Intrinsic dim",
      "qwen_ea": 332.022507909139,
      "qwen_w": 359.51924806960085,
      "qwen_d": -1.0554389086897775,
      "qwen_p": 1.1216572139537618e-124,
      "qwen_n_ea": 1200,
      "qwen_n_w": 1128,
      "llama_ea": 211.16829482396443,
      "llama_w": 218.2859578910449,
      "llama_d": -0.2578780685269913,
      "llama_p": 5.408852359608213e-10,
      "llama_n_ea": 1200,
      "llama_n_w": 1128
    },
    {
      "field": "aesthetic_attn_entropy_mean",
      "label": "Attn entropy",
      "qwen_ea": 2.2678644698525456,
      "qwen_w": 2.2548269680971917,
      "qwen_d": 0.22518264388482329,
      "qwen_p": 6.451653286613429e-08,
      "qwen_n_ea": 1200,
      "qwen_n_w": 1128,
      "llama_ea": 2.608873272458043,
      "llama_w": 2.5868610969458024,
      "llama_d": 0.6870380631863797,
      "llama_p": 1.5515059039216877e-58,
      "llama_n_ea": 1200,
      "llama_n_w": 1128
    },
    {
      "field": "aesthetic_attn_entropy_early",
      "label": "Attn early",
      "qwen_ea": 2.8032377692823345,
      "qwen_w": 2.7906692017040555,
      "qwen_d": 0.23869429067903186,
      "qwen_p": 9.839807912722331e-09,
      "qwen_n_ea": 1200,
      "qwen_n_w": 1128,
      "llama_ea": 2.9048884833686484,
      "llama_w": 2.8992413689251033,
      "llama_d": 0.1597532638018749,
      "llama_p": 0.00011560624717641148,
      "llama_n_ea": 1200,
      "llama_n_w": 1128
    },
    {
      "field": "aesthetic_attn_entropy_mid",
      "label": "Attn mid",
      "qwen_ea": 2.569846650591843,
      "qwen_w": 2.54790960059096,
      "qwen_d": 0.3174415047196722,
      "qwen_p": 2.6988531895125382e-14,
      "qwen_n_ea": 1200,
      "qwen_n_w": 1128,
      "llama_ea": 2.783982304893673,
      "llama_w": 2.758450339461788,
      "llama_d": 0.5606857690413823,
      "llama_p": 2.7378452470845965e-40,
      "llama_n_ea": 1200,
      "llama_n_w": 1128
    },
    {
      "field": "aesthetic_attn_entropy_late",
      "label": "Attn late",
      "qwen_ea": 1.4305089896834597,
      "qwen_w": 1.4259021019965585,
      "qwen_d": 0.03099924674493989,
      "qwen_p": 0.45564349393718484,
      "qwen_n_ea": 1200,
      "qwen_n_w": 1128,
      "llama_ea": 2.1714007607793957,
      "llama_w": 2.137460833485893,
      "llama_d": 0.7827972164954458,
      "llama_p": 3.535028168084704e-74,
      "llama_n_ea": 1200,
      "llama_n_w": 1128
    },
    {
      "field": "encoding_img_loss",
      "label": "Enc img loss",
      "qwen_ea": 10.8503125,
      "qwen_w": 10.823581560283689,
      "qwen_d": 0.4775919819643807,
      "qwen_p": 4.603475471550152e-30,
      "qwen_n_ea": 1200,
      "qwen_n_w": 1128,
      "llama_ea": 8.167890625,
      "llama_w": 8.310920877659575,
      "llama_d": -0.29401226655216567,
      "llama_p": 1.5980297155604776e-12,
      "llama_n_ea": 1200,
      "llama_n_w": 1128
    },
    {
      "field": "encoding_txt_loss",
      "label": "Enc txt loss",
      "qwen_ea": 5.648802083333333,
      "qwen_w": 5.395694813829787,
      "qwen_d": 0.7660832445496999,
      "qwen_p": 5.978358448821617e-71,
      "qwen_n_ea": 1200,
      "qwen_n_w": 1128,
      "llama_ea": 3.1741015625,
      "llama_w": 2.8949745124113475,
      "llama_d": 1.0635307204150635,